url,name,address,city,state,phone
http://www.canterburydental.ca/,Canterbury Dental Clinic,"18 Canterbury St, Saint John, NB E2L 2C4, Canada",NB E2L 2C4,Canada,+1 506-634-7115
http://www.ssdc.ca/,Results,"141 King St, St Stephen, NB E3L 2C7, Canada",NB E3L 2C7,Canada,+1 506-465-8880
http://www.lobbandentistry.ca/,Results,"1764 Water St, Miramichi, NB E1N 2T2, Canada",NB E1N 2T2,Canada,+1 506-773-9945
http://www.drannaisaacsdentistry.com/,Results,"118 Hampton Rd, Rothesay, NB E2E 2N5, Canada",NB E2E 2N5,Canada,+1 506-848-9191
https://hitechdentist.ca/,Results,"541 Millidge Ave, Saint John, NB E2K 2N5, Canada",NB E2K 2N5,Canada,+1 506-634-8858
http://www.rivervalleydental.ca/,Results,"A, 3636 Westfield Rd, Saint John, NB E2M 7P3, Canada",NB E2M 7P3,Canada,+1 506-738-8449
https://www.sussexdentalclinic.com/site/home?utm_source=G&utm_medium=LPM&utm_campaign=DentalCorp,Results,"22 Eveleigh St, Sussex, NB E4E 2N8, Canada",NB E4E 2N8,Canada,+1 506-708-7766
https://www.hamptondentalclinic.ca/site/home?utm_source=G&utm_medium=LPM&utm_campaign=DentalCorp,Results,"942 Main St, Hampton, NB E5N 8H2, Canada",NB E5N 8H2,Canada,+1 506-719-9379
https://saintjohnavenuedental.com/?utm_source=google&utm_medium=organic&utm_campaign=gmb,Results,"368 Rothesay Ave, Saint John, NB E2J 2C4, Canada",NB E2J 2C4,Canada,+1 506-633-1086
https://www.oakvillelanedental.ca/,Results,"153 Hampton Rd, Rothesay, NB E2E 2R3, Canada",NB E2E 2R3,Canada,+1 506-849-3322
https://www.riverviewdentistry.ca/site/home?utm_source=G&utm_medium=LPM&utm_campaign=DentalCorp,Results,"528 Pinewood Rd, Riverview, NB E1B 5J9, Canada",NB E1B 5J9,Canada,+1 506-805-3957
https://www.smilesbybown.com/,Results,"374 Rothesay Ave, Saint John, NB E2J 2C4, Canada",NB E2J 2C4,Canada,+1 506-634-6000
http://www.miramichismiles.com/,Results,"470 Percy Kelly Dr, Miramichi, NB E1V 5V8, Canada",NB E1V 5V8,Canada,+1 506-773-7121
https://www.shediacdentalclinic.ca/,Results,"51 Sainte-Anne St, Shediac, NB E4P 2R4, Canada",NB E4P 2R4,Canada,+1 506-533-3900
http://www.pettingilldentalclinic.com/,Results,"29 Pettingill Rd, Quispamsis, NB E2E 6B1, Canada",NB E2E 6B1,Canada,+1 506-847-2813
http://www.monctonnorthdentalcenter.com/,Results,"1888 Mountain Rd Ste 7, Moncton, NB E1G 2G4, Canada",NB E1G 2G4,Canada,+1 506-857-0589
