url,name,address,city,state,phone
https://en.horizonnb.ca/facilities-and-services/facilities/boiestown-health-centre.aspx,Horizon's Boiestown Health Centre,"6154 NB-8 #2, Boiestown, NB E6A 1M4, Canada",NB E6A 1M4,Canada,+1 506-369-2700
http://www.doaktowndentalclinic.ca/,Doaktown Dental Clinic,"271 Main St, Doaktown, NB E9C 1A9, Canada",NB E9C 1A9,Canada,+1 506-365-4441
http://www.lobbandentistry.ca/,Results,"1764 Water St, Miramichi, NB E1N 2T2, Canada",NB E1N 2T2,Canada,+1 506-773-9945
https://www.firsttowndental.com/,Results,"255 Connell St, Woodstock, NB E7M 1L2, Canada",NB E7M 1L2,Canada,+1 506-328-8405
https://www.hamptondentalclinic.ca/site/home?utm_source=G&utm_medium=LPM&utm_campaign=DentalCorp,Results,"942 Main St, Hampton, NB E5N 8H2, Canada",NB E5N 8H2,Canada,+1 506-719-9379
https://www.yorkdentalclinic.com/?utm_source=google&utm_medium=organic&utm_campaign=gmb-listing,Results,"401 Bishop Dr, Fredericton, NB E3C 2M6, Canada",NB E3C 2M6,Canada,+1 506-451-1085
https://woodstockdentistry.ca/,Results,"100 Jones St. Unit 108, Woodstock, NB E7M 0H6, Canada",NB E7M 0H6,Canada,+1 506-497-4810
https://www.sussexdentalclinic.com/site/home?utm_source=G&utm_medium=LPM&utm_campaign=DentalCorp,Results,"22 Eveleigh St, Sussex, NB E4E 2N8, Canada",NB E4E 2N8,Canada,+1 506-708-7766
http://www.ssdc.ca/,Results,"141 King St, St Stephen, NB E3L 2C7, Canada",NB E3L 2C7,Canada,+1 506-465-8880
https://saintjohnavenuedental.com/?utm_source=google&utm_medium=organic&utm_campaign=gmb,Results,"368 Rothesay Ave, Saint John, NB E2J 2C4, Canada",NB E2J 2C4,Canada,+1 506-633-1086
https://www.baysidedental.ca/site/home?utm_source=G&utm_medium=LPM&utm_campaign=DentalCorp,Results,"99 Bayside Dr, Saint John, NB E2L 1A5, Canada",NB E2L 1A5,Canada,+1 506-799-0278
https://hitechdentist.ca/,Results,"541 Millidge Ave, Saint John, NB E2K 2N5, Canada",NB E2K 2N5,Canada,+1 506-634-8858
http://www.pettingilldentalclinic.com/,Results,"29 Pettingill Rd, Quispamsis, NB E2E 6B1, Canada",NB E2E 6B1,Canada,+1 506-847-2813
https://www.oakvillelanedental.ca/,Results,"153 Hampton Rd, Rothesay, NB E2E 2R3, Canada",NB E2E 2R3,Canada,+1 506-849-3322
http://www.drdvorkin.ca/,Results,"837 Prospect St, Fredericton, NB E3B 5Y4, Canada",NB E3B 5Y4,Canada,+1 506-458-9186
